filename,label
cffp4.png,cffp4
dd764.png,dd764
6cwxe.png,6cwxe
ef4mn.png,ef4mn
8nn73.png,8nn73
3fbxd.png,3fbxd
6mege.png,6mege
5yxgp.png,5yxgp
cdfen.png,cdfen
efx34.png,efx34
445cc.png,445cc
2fxgd.png,2fxgd
mbf58.png,mbf58
efg72.png,efg72
nmw46.png,nmw46
dn5df.png,dn5df
dbfen.png,dbfen
pnmxf.png,pnmxf
p8c24.png,p8c24
pf4nb.png,pf4nb
8b735.png,8b735
mb4en.png,mb4en
fg7mg.png,fg7mg
pp546.png,pp546
4w76g.png,4w76g
e8e5e.png,e8e5e
8eggg.png,8eggg
7e2y7.png,7e2y7
gcfgp.png,gcfgp
c482b.png,c482b
cdf77.png,cdf77
6fn84.png,6fn84
d4n82.png,d4n82
dxwcw.png,dxwcw
64b3p.png,64b3p
eng53.png,eng53
cm6yb.png,cm6yb
7cgym.png,7cgym
gc277.png,gc277
e72cd.png,e72cd
42nxy.png,42nxy
2xc2n.png,2xc2n
ncw4g.png,ncw4g
2w4y7.png,2w4y7
nbwpn.png,nbwpn
f753f.png,f753f
nc4yg.png,nc4yg
de45x.png,de45x
4b2pw.png,4b2pw
7wyp4.png,7wyp4
mmg38.png,mmg38
pxne8.png,pxne8
m75bf.png,m75bf
ebcbx.png,ebcbx
n4xx5.png,n4xx5
cg5dd.png,cg5dd
g7fmc.png,g7fmc
cfw6e.png,cfw6e
gm7n8.png,gm7n8
dw8d3.png,dw8d3
pwebm.png,pwebm
p4nm4.png,p4nm4
cb8cf.png,cb8cf
7d44m.png,7d44m
c6745.png,c6745
8n34n.png,8n34n
fnbfw.png,fnbfw
5dxnm.png,5dxnm
f7cey.png,f7cey
88bgx.png,88bgx
2enf4.png,2enf4
fcmem.png,fcmem
pdcp4.png,pdcp4
8np22.png,8np22
deep5.png,deep5
44c22.png,44c22
defyx.png,defyx
edwny.png,edwny
bxxfc.png,bxxfc
5mcy7.png,5mcy7
ng756.png,ng756
25257.png,25257
d2nbn.png,d2nbn
f22bn.png,f22bn
dmx8p.png,dmx8p
ncfgb.png,ncfgb
fg8n4.png,fg8n4
5n732.png,5n732
7634y.png,7634y
55y2m.png,55y2m
e2d66.png,e2d66
efe62.png,efe62
3dgmf.png,3dgmf
5bg8f.png,5bg8f
mx8bb.png,mx8bb
6e554.png,6e554
373gb.png,373gb
d3ycn.png,d3ycn
8n65n.png,8n65n
dw6mn.png,dw6mn
377xx.png,377xx
b5dn4.png,b5dn4
mxyxw.png,mxyxw
d66cn.png,d66cn
7wnpm.png,7wnpm
4c8n8.png,4c8n8
8npd5.png,8npd5
c55c6.png,c55c6
53wb8.png,53wb8
b3xpn.png,b3xpn
n4wwn.png,n4wwn
nfd8g.png,nfd8g
664nf.png,664nf
7xcyd.png,7xcyd
w4cdc.png,w4cdc
4dgf7.png,4dgf7
4w6mw.png,4w6mw
75pfw.png,75pfw
e43ym.png,e43ym
3eny7.png,3eny7
pg4bf.png,pg4bf
c4bgd.png,c4bgd
c8n8c.png,c8n8c
3bx86.png,3bx86
3n2b4.png,3n2b4
2x7bm.png,2x7bm
gnbn4.png,gnbn4
n5x2n.png,n5x2n
6bdn5.png,6bdn5
mwxwp.png,mwxwp
467d5.png,467d5
fcne6.png,fcne6
e46pd.png,e46pd
6m5eg.png,6m5eg
mxnw4.png,mxnw4
gecmf.png,gecmf
nd5wg.png,nd5wg
6ydyp.png,6ydyp
7cdge.png,7cdge
w4cnn.png,w4cnn
3nnpw.png,3nnpw
7pcd7.png,7pcd7
gy8xb.png,gy8xb
ncyx8.png,ncyx8
mcg43.png,mcg43
4743p.png,4743p
8xef7.png,8xef7
7fde7.png,7fde7
myf82.png,myf82
66wp5.png,66wp5
f4fn2.png,f4fn2
3mxdn.png,3mxdn
edg3p.png,edg3p
2nf26.png,2nf26
8y63f.png,8y63f
57b27.png,57b27
fw3b2.png,fw3b2
646x8.png,646x8
be3bp.png,be3bp
dyxnc.png,dyxnc
mn5c4.png,mn5c4
d7nn3.png,d7nn3
ccn2x.png,ccn2x
w2yp7.png,w2yp7
65ebm.png,65ebm
3bnyf.png,3bnyf
m3wfw.png,m3wfw
p7fyp.png,p7fyp
gpnxn.png,gpnxn
7yf62.png,7yf62
b55d6.png,b55d6
8n4n8.png,8n4n8
2gyb6.png,2gyb6
662bw.png,662bw
7p852.png,7p852
dpbyd.png,dpbyd
5mfff.png,5mfff
c2g4d.png,c2g4d
6mn8n.png,6mn8n
g6n7x.png,g6n7x
3xcgg.png,3xcgg
8gf7n.png,8gf7n
nxn4f.png,nxn4f
gpxng.png,gpxng
76353.png,76353
mmc5n.png,mmc5n
cdmn8.png,cdmn8
6ng6w.png,6ng6w
gy5bf.png,gy5bf
nnn5p.png,nnn5p
p2m6n.png,p2m6n
gn2d3.png,gn2d3
n4b4m.png,n4b4m
f74x3.png,f74x3
n336e.png,n336e
ppx77.png,ppx77
2en7g.png,2en7g
6bxwg.png,6bxwg
33n73.png,33n73
3bd8f.png,3bd8f
f2fge.png,f2fge
58b5m.png,58b5m
e2mg2.png,e2mg2
dn26n.png,dn26n
4cn7b.png,4cn7b
cnex4.png,cnex4
8gecm.png,8gecm
6p7gx.png,6p7gx
6xpme.png,6xpme
mmy5n.png,mmy5n
ffpxf.png,ffpxf
gw468.png,gw468
8pfxx.png,8pfxx
e76n4.png,e76n4
ddmyg.png,ddmyg
mcyfx.png,mcyfx
nbf8m.png,nbf8m
368y5.png,368y5
7b4bm.png,7b4bm
38n57.png,38n57
72m6f.png,72m6f
87nym.png,87nym
53wp3.png,53wp3
5g5e5.png,5g5e5
n4cpy.png,n4cpy
2nbcx.png,2nbcx
nnfx3.png,nnfx3
mddgb.png,mddgb
6wb76.png,6wb76
bwmee.png,bwmee
23n88.png,23n88
74853.png,74853
3pe4g.png,3pe4g
bw44w.png,bw44w
5n728.png,5n728
68wfd.png,68wfd
gp7c5.png,gp7c5
3ndxd.png,3ndxd
5pm6b.png,5pm6b
fcey3.png,fcey3
33b22.png,33b22
658xe.png,658xe
pbpgc.png,pbpgc
ngn26.png,ngn26
dyp7n.png,dyp7n
3d7bd.png,3d7bd
cpe63.png,cpe63
37ep6.png,37ep6
cnmnn.png,cnmnn
47m2b.png,47m2b
2cegf.png,2cegf
3ny45.png,3ny45
mpxfb.png,mpxfb
dbex3.png,dbex3
p2x7x.png,p2x7x
gy433.png,gy433
mm3nn.png,mm3nn
245y5.png,245y5
4n3mn.png,4n3mn
67dey.png,67dey
488de.png,488de
m74dm.png,m74dm
g55b4.png,g55b4
c353e.png,c353e
33f7m.png,33f7m
7m8px.png,7m8px
5gcd3.png,5gcd3
gn2xy.png,gn2xy
7gp47.png,7gp47
574d7.png,574d7
pgwnp.png,pgwnp
5bb66.png,5bb66
f858x.png,f858x
f5e5e.png,f5e5e
bpwd7.png,bpwd7
d7c5x.png,d7c5x
bny4w.png,bny4w
7mgmf.png,7mgmf
nbwnn.png,nbwnn
25m6p.png,25m6p
fp5wn.png,fp5wn
gymmn.png,gymmn
cwgyx.png,cwgyx
m67b3.png,m67b3
fxpw3.png,fxpw3
d2ycw.png,d2ycw
6g45w.png,6g45w
bcwnn.png,bcwnn
5bgp2.png,5bgp2
3den6.png,3den6
677g3.png,677g3
c2pg6.png,c2pg6
6bnnm.png,6bnnm
c4527.png,c4527
c3n8x.png,c3n8x
bgb48.png,bgb48
mg5nn.png,mg5nn
7xd5m.png,7xd5m
4fc36.png,4fc36
43mn5.png,43mn5
556wd.png,556wd
64m82.png,64m82
fc2ff.png,fc2ff
n3m6x.png,n3m6x
7g3nf.png,7g3nf
b5nmm.png,b5nmm
33ng4.png,33ng4
6cm6m.png,6cm6m
ndecc.png,ndecc
63824.png,63824
785n4.png,785n4
264m5.png,264m5
nnp4e.png,nnp4e
2nx38.png,2nx38
3n7mx.png,3n7mx
f6ww8.png,f6ww8
2p2y8.png,2p2y8
4ynf3.png,4ynf3
n7ff2.png,n7ff2
byfgn.png,byfgn
nf7bn.png,nf7bn
6p2ge.png,6p2ge
5mgn4.png,5mgn4
b43nw.png,b43nw
25egp.png,25egp
pdyc8.png,pdyc8
4gycb.png,4gycb
378e5.png,378e5
nxc83.png,nxc83
87d4c.png,87d4c
57gnx.png,57gnx
f4wfn.png,f4wfn
5expp.png,5expp
e5n66.png,e5n66
65m85.png,65m85
ffnxn.png,ffnxn
g888x.png,g888x
ne325.png,ne325
gm2c2.png,gm2c2
gfbx6.png,gfbx6
42xpy.png,42xpy
3ebnn.png,3ebnn
62nb3.png,62nb3
4nc37.png,4nc37
8bbw8.png,8bbw8
fp382.png,fp382
nxx25.png,nxx25
efgx5.png,efgx5
d378n.png,d378n
4fp5g.png,4fp5g
bgem5.png,bgem5
gegw4.png,gegw4
npxb7.png,npxb7
n3bm6.png,n3bm6
eppg3.png,eppg3
34fxm.png,34fxm
d8xcn.png,d8xcn
nwncn.png,nwncn
44fyb.png,44fyb
832f3.png,832f3
nbp3e.png,nbp3e
7bb7b.png,7bb7b
m2nf4.png,m2nf4
nbmx7.png,nbmx7
b4y5x.png,b4y5x
c43b4.png,c43b4
78eec.png,78eec
by5y3.png,by5y3
n5w5g.png,n5w5g
w4x2m.png,w4x2m
cgcgb.png,cgcgb
efb3f.png,efb3f
gd8fb.png,gd8fb
5bnd7.png,5bnd7
f364x.png,f364x
7y2x4.png,7y2x4
cfp86.png,cfp86
8w754.png,8w754
p24gn.png,p24gn
865wm.png,865wm
pxdwp.png,pxdwp
g7wxw.png,g7wxw
dn2ym.png,dn2ym
44ype.png,44ype
4yc85.png,4yc85
p4pde.png,p4pde
34b84.png,34b84
474ff.png,474ff
g2577.png,g2577
6dmx7.png,6dmx7
fp3wy.png,fp3wy
bbymy.png,bbymy
pwn5e.png,pwn5e
gwnm6.png,gwnm6
bn5mw.png,bn5mw
5ep3n.png,5ep3n
nmy2x.png,nmy2x
e7nx4.png,e7nx4
8d4wm.png,8d4wm
bgd4m.png,bgd4m
5x5nx.png,5x5nx
dfnx4.png,dfnx4
cwdnx.png,cwdnx
d3c8y.png,d3c8y
nnn57.png,nnn57
8cm46.png,8cm46
6wnyc.png,6wnyc
6f857.png,6f857
mnef5.png,mnef5
ny8np.png,ny8np
b2nen.png,b2nen
deneb.png,deneb
c2fb7.png,c2fb7
8c23f.png,8c23f
42dw4.png,42dw4
e667x.png,e667x
3w2bw.png,3w2bw
dc436.png,dc436
cfn53.png,cfn53
pw5nc.png,pw5nc
fyfbn.png,fyfbn
b35f6.png,b35f6
d75b5.png,d75b5
nfg23.png,nfg23
f75cx.png,f75cx
gf2g4.png,gf2g4
fbp2c.png,fbp2c
pybee.png,pybee
m4fd8.png,m4fd8
nwg2m.png,nwg2m
nfcwy.png,nfcwy
28348.png,28348
m3588.png,m3588
6mygb.png,6mygb
n464c.png,n464c
e25xg.png,e25xg
byc82.png,byc82
6gnm3.png,6gnm3
c7gb3.png,c7gb3
pyefb.png,pyefb
b26nd.png,b26nd
m5meg.png,m5meg
b685n.png,b685n
emwpn.png,emwpn
44xe8.png,44xe8
5n245.png,5n245
2g783.png,2g783
675p3.png,675p3
4exnn.png,4exnn
6f2yc.png,6f2yc
5p3mm.png,5p3mm
nny5e.png,nny5e
g7gnf.png,g7gnf
mmg2m.png,mmg2m
73mnx.png,73mnx
37d52.png,37d52
b4ncn.png,b4ncn
cdcb3.png,cdcb3
fywb8.png,fywb8
55w5c.png,55w5c
ccf2w.png,ccf2w
573bn.png,573bn
ny5dp.png,ny5dp
m448b.png,m448b
d6fcn.png,d6fcn
2pfpn.png,2pfpn
g842c.png,g842c
m4g8g.png,m4g8g
pym7p.png,pym7p
5xd2e.png,5xd2e
4n2yg.png,4n2yg
m23bp.png,m23bp
f2m8n.png,f2m8n
cfc2y.png,cfc2y
226md.png,226md
pyf65.png,pyf65
n7ebx.png,n7ebx
7gce6.png,7gce6
3x325.png,3x325
egxmp.png,egxmp
2npg6.png,2npg6
325fb.png,325fb
2g7nm.png,2g7nm
8n5pn.png,8n5pn
5325m.png,5325m
ddcne.png,ddcne
ndg2b.png,ndg2b
bny23.png,bny23
gng6e.png,gng6e
84w7x.png,84w7x
6ecbn.png,6ecbn
6xxdx.png,6xxdx
ny3dw.png,ny3dw
nngxc.png,nngxc
m8m4x.png,m8m4x
bdg84.png,bdg84
68x48.png,68x48
een23.png,een23
6xen4.png,6xen4
cnwyc.png,cnwyc
nw5b2.png,nw5b2
3x5fm.png,3x5fm
nbfx5.png,nbfx5
fp762.png,fp762
8ne4g.png,8ne4g
244e2.png,244e2
gxxpf.png,gxxpf
g3ex3.png,g3ex3
e6m6p.png,e6m6p
p2ym2.png,p2ym2
n3ffn.png,n3ffn
8wy7d.png,8wy7d
8npe3.png,8npe3
4nnf3.png,4nnf3
n6f4b.png,n6f4b
bmxpe.png,bmxpe
23mdg.png,23mdg
2wc38.png,2wc38
6fgdw.png,6fgdw
pdw38.png,pdw38
6dd2y.png,6dd2y
7fmcy.png,7fmcy
mdxpn.png,mdxpn
n8pfe.png,n8pfe
f228n.png,f228n
5ng6e.png,5ng6e
7bwm2.png,7bwm2
m8gmx.png,m8gmx
pe4xn.png,pe4xn
mye68.png,mye68
22d5n.png,22d5n
5n3w4.png,5n3w4
dce8y.png,dce8y
4dw3w.png,4dw3w
5nggg.png,5nggg
7pn5g.png,7pn5g
nb267.png,nb267
ny3nn.png,ny3nn
77wp4.png,77wp4
43gey.png,43gey
82fx2.png,82fx2
6c3p5.png,6c3p5
2ycn8.png,2ycn8
ddnpf.png,ddnpf
cewnm.png,cewnm
7gnge.png,7gnge
mgw3n.png,mgw3n
fpw76.png,fpw76
8y6b3.png,8y6b3
ndme7.png,ndme7
w4nfx.png,w4nfx
m3b5p.png,m3b5p
d7en3.png,d7en3
6pfy4.png,6pfy4
gny6b.png,gny6b
md344.png,md344
ng2gw.png,ng2gw
6wg4n.png,6wg4n
8n56m.png,8n56m
57wdp.png,57wdp
px8n8.png,px8n8
cc845.png,cc845
excmn.png,excmn
befbd.png,befbd
8d2nd.png,8d2nd
ncww7.png,ncww7
be6np.png,be6np
6n6gg.png,6n6gg
bw5nf.png,bw5nf
f5cm2.png,f5cm2
cx3wg.png,cx3wg
fc6xb.png,fc6xb
6e6pn.png,6e6pn
nfbg8.png,nfbg8
cpc8c.png,cpc8c
pcede.png,pcede
fy2nd.png,fy2nd
3b4we.png,3b4we
mp7wp.png,mp7wp
b4d7c.png,b4d7c
gbxyy.png,gbxyy
bw5ym.png,bw5ym
fwxdp.png,fwxdp
36w25.png,36w25
nbcgb.png,nbcgb
mfb3x.png,mfb3x
dy3cx.png,dy3cx
3p67n.png,3p67n
8cccc.png,8cccc
pm363.png,pm363
c753e.png,c753e
c2yn8.png,c2yn8
6c3n6.png,6c3n6
387g2.png,387g2
dnxdp.png,dnxdp
m457d.png,m457d
3nfdn.png,3nfdn
mw5p2.png,mw5p2
7dxbd.png,7dxbd
p5nce.png,p5nce
2n73f.png,2n73f
pcpg6.png,pcpg6
8gmc4.png,8gmc4
en32e.png,en32e
2mg87.png,2mg87
mpmy5.png,mpmy5
d236n.png,d236n
4gb3f.png,4gb3f
ppwyd.png,ppwyd
n5cm7.png,n5cm7
ndyfe.png,ndyfe
2cgyx.png,2cgyx
4d22m.png,4d22m
gnc3n.png,gnc3n
mc8w2.png,mc8w2
gc83b.png,gc83b
cwmny.png,cwmny
ng46m.png,ng46m
b84xc.png,b84xc
pn7pn.png,pn7pn
ec6pm.png,ec6pm
n7g4f.png,n7g4f
cfc56.png,cfc56
8ypdn.png,8ypdn
nf8b8.png,nf8b8
2cg58.png,2cg58
74eyg.png,74eyg
nm46n.png,nm46n
573d8.png,573d8
fg38b.png,fg38b
5npdn.png,5npdn
mbp2y.png,mbp2y
dw3nn.png,dw3nn
nf2n8.png,nf2n8
ep85x.png,ep85x
pgm2e.png,pgm2e
52447.png,52447
nnf8b.png,nnf8b
nb45d.png,nb45d
5np4m.png,5np4m
neecd.png,neecd
neggn.png,neggn
mfc35.png,mfc35
8684m.png,8684m
63pxe.png,63pxe
8d8ep.png,8d8ep
2356g.png,2356g
ee8fg.png,ee8fg
c6f8g.png,c6f8g
ewnx8.png,ewnx8
gdng3.png,gdng3
e6b7y.png,e6b7y
3ygde.png,3ygde
d22y5.png,d22y5
nxxf8.png,nxxf8
3nw7w.png,3nw7w
8n2pg.png,8n2pg
ddpyb.png,ddpyb
pg2pm.png,pg2pm
2yggg.png,2yggg
e84n2.png,e84n2
m6n4x.png,m6n4x
2b827.png,2b827
fdpgd.png,fdpgd
5mnpd.png,5mnpd
7f8b3.png,7f8b3
c4mcm.png,c4mcm
c5xne.png,c5xne
6n5fd.png,6n5fd
823p2.png,823p2
8e32m.png,8e32m
5ywwf.png,5ywwf
mggce.png,mggce
6end3.png,6end3
n373n.png,n373n
e7x45.png,e7x45
c8fxy.png,c8fxy
bnc5f.png,bnc5f
pme86.png,pme86
d4ppy.png,d4ppy
5wddw.png,5wddw
43xfe.png,43xfe
56m6y.png,56m6y
88y52.png,88y52
2wx73.png,2wx73
24pew.png,24pew
n8ydd.png,n8ydd
5p8fm.png,5p8fm
nn6mg.png,nn6mg
8nbew.png,8nbew
b28g8.png,b28g8
8n5p3.png,8n5p3
ffd6p.png,ffd6p
pm47f.png,pm47f
dmxp8.png,dmxp8
exycn.png,exycn
56c34.png,56c34
85622.png,85622
2bg48.png,2bg48
p8ngx.png,p8ngx
gp22x.png,gp22x
7dyww.png,7dyww
c7nn8.png,c7nn8
4egem.png,4egem
n2by7.png,n2by7
m2576.png,m2576
bw6n6.png,bw6n6
4m2w5.png,4m2w5
b2g8e.png,b2g8e
w2n7e.png,w2n7e
b5fm7.png,b5fm7
m5ym2.png,m5ym2
p8wwf.png,p8wwf
ef4np.png,ef4np
6ng6n.png,6ng6n
gw53m.png,gw53m
6ge3p.png,6ge3p
n5n8b.png,n5n8b
8n62n.png,8n62n
3g2w6.png,3g2w6
664dn.png,664dn
6b4w6.png,6b4w6
fncnb.png,fncnb
e3ndn.png,e3ndn
5nnff.png,5nnff
6e2dg.png,6e2dg
76nxn.png,76nxn
n7meb.png,n7meb
5f3gf.png,5f3gf
77n6g.png,77n6g
b5pnn.png,b5pnn
my84e.png,my84e
mc35n.png,mc35n
gfxcc.png,gfxcc
gxx2p.png,gxx2p
7nnnx.png,7nnnx
8gmnx.png,8gmnx
5x7x5.png,5x7x5
5xwcg.png,5xwcg
p2dw7.png,p2dw7
ggd7m.png,ggd7m
7w67m.png,7w67m
dbny3.png,dbny3
5mf7c.png,5mf7c
gewfy.png,gewfy
men4f.png,men4f
d666m.png,d666m
6fg8c.png,6fg8c
428b6.png,428b6
6b46g.png,6b46g
ewcf5.png,ewcf5
pf5ng.png,pf5ng
7dwx4.png,7dwx4
g247w.png,g247w
f6ne5.png,f6ne5
c6we6.png,c6we6
nfndw.png,nfndw
dnmd8.png,dnmd8
34pcn.png,34pcn
n6nn2.png,n6nn2
nybcx.png,nybcx
268g2.png,268g2
p57fn.png,p57fn
bm3p8.png,bm3p8
en4n4.png,en4n4
5fyem.png,5fyem
nm248.png,nm248
n5wbg.png,n5wbg
gc2wd.png,gc2wd
32dnn.png,32dnn
3wnd3.png,3wnd3
cen55.png,cen55
bf52c.png,bf52c
728n8.png,728n8
ng6yp.png,ng6yp
p5g5m.png,p5g5m
g78gn.png,g78gn
76y6f.png,76y6f
dd5w5.png,dd5w5
24f6w.png,24f6w
n6xc5.png,n6xc5
5nxnn.png,5nxnn
678w3.png,678w3
dcnp8.png,dcnp8
4ycex.png,4ycex
pgmn2.png,pgmn2
4cfw8.png,4cfw8
p6mn8.png,p6mn8
pmf5w.png,pmf5w
e46yw.png,e46yw
pwmbn.png,pwmbn
nfcb5.png,nfcb5
pcm7f.png,pcm7f
243mm.png,243mm
b6f2p.png,b6f2p
36bc2.png,36bc2
8c2wy.png,8c2wy
bd3b7.png,bd3b7
nxcmn.png,nxcmn
85dxn.png,85dxn
de7f8.png,de7f8
mwdf6.png,mwdf6
gnf85.png,gnf85
32cnn.png,32cnn
g8gnd.png,g8gnd
25p2m.png,25p2m
5nm6d.png,5nm6d
4f8yp.png,4f8yp
cd4eg.png,cd4eg
f8f8g.png,f8f8g
n2gmg.png,n2gmg
c86md.png,c86md
n8fp6.png,n8fp6
enpw2.png,enpw2
46mbm.png,46mbm
8fexn.png,8fexn
3n3cf.png,3n3cf
dmw8n.png,dmw8n
mcc2x.png,mcc2x
px2xp.png,px2xp
gcx6f.png,gcx6f
bp6mw.png,bp6mw
7wn74.png,7wn74
253dc.png,253dc
e4gd7.png,e4gd7
gwn53.png,gwn53
pg2yx.png,pg2yx
3p4nn.png,3p4nn
7gmf3.png,7gmf3
3xng6.png,3xng6
537nf.png,537nf
n7dyb.png,n7dyb
7dgc2.png,7dgc2
feyc8.png,feyc8
bp2d4.png,bp2d4
ennmm.png,ennmm
33p4e.png,33p4e
8bbm4.png,8bbm4
47e4p.png,47e4p
f85y3.png,f85y3
gfp54.png,gfp54
enn7n.png,enn7n
478nx.png,478nx
6825y.png,6825y
3ym7f.png,3ym7f
m22e3.png,m22e3
pp87n.png,pp87n
pmd3w.png,pmd3w
76n7p.png,76n7p
cd6p4.png,cd6p4
pgg3n.png,pgg3n
f83pn.png,f83pn
6pwcn.png,6pwcn
43p5d.png,43p5d
25w53.png,25w53
e8dxn.png,e8dxn
n7enn.png,n7enn
4433m.png,4433m
bdbb3.png,bdbb3
6n443.png,6n443
gd4mf.png,gd4mf
bnc2f.png,bnc2f
mgdwb.png,mgdwb
56ncx.png,56ncx
77387.png,77387
bc8nf.png,bc8nf
ddcdd.png,ddcdd
36nx4.png,36nx4
nn4wx.png,nn4wx
58pnp.png,58pnp
c3572.png,c3572
53mn8.png,53mn8
pmg55.png,pmg55
3ebpw.png,3ebpw
cy3nw.png,cy3nw
myc3c.png,myc3c
n265y.png,n265y
f35xp.png,f35xp
d3c7y.png,d3c7y
dbpcd.png,dbpcd
gnbde.png,gnbde
n3x4c.png,n3x4c
nwfde.png,nwfde
mmfm6.png,mmfm6
g2fnw.png,g2fnw
8w875.png,8w875
g3dy6.png,g3dy6
c4bny.png,c4bny
gm6nn.png,gm6nn
3ye2e.png,3ye2e
wm47f.png,wm47f
mdyp7.png,mdyp7
d22bd.png,d22bd
8db67.png,8db67
8g4yp.png,8g4yp
2mpnn.png,2mpnn
3bfnd.png,3bfnd
3cpwb.png,3cpwb
d22n7.png,d22n7
d8dce.png,d8dce
dnne7.png,dnne7
28x47.png,28x47
pnnwy.png,pnnwy
ecd4w.png,ecd4w
